{
    "type": "FeatureCollection",
    "name": "Batas_Kecamatan_Kota_Tegal_CorrectAreas",
    "crs": {
        "type": "name",
        "properties": {
            "name": "urn:ogc:def:crs:OGC:1.3:CRS84"
        }
    },
    "features": [
        {
            "type": "Feature",
            "properties": {
                "kode_kec": "020",
                "kode_bps": "3376020",
                "nama_kec": "TEGAL TIMUR",
                "ibu_kota": "Kejambon",
                "luas_km2": 6.27,
                "jumlah_kelurahan": 5
            },
            "geometry": {
                "type": "Polygon",
                "coordinates": [
                    [
                        [
                            109.1367642,
                            -6.8482178
                        ],
                        [
                            109.1371418,
                            -6.8476792
                        ],
                        [
                            109.137273,
                            -6.8473027
                        ],
                        [
                            109.1370214,
                            -6.8464147
                        ],
                        [
                            109.1369428,
                            -6.846085
                        ],
                        [
                            109.1369064,
                            -6.8457867
                        ],
                        [
                            109.1368678,
                            -6.8453824
                        ],
                        [
                            109.1368885,
                            -6.8444761
                        ],
                        [
                            109.1369209,
                            -6.8444544
                        ],
                        [
                            109.1369802,
                            -6.8444595
                        ],
                        [
                            109.1370145,
                            -6.8444933
                        ],
                        [
                            109.1370234,
                            -6.8445824
                        ],
                        [
                            109.1369985,
                            -6.8446178
                        ],
                        [
                            109.1370104,
                            -6.845095
                        ],
                        [
                            109.1369548,
                            -6.8451678
                        ],
                        [
                            109.1369431,
                            -6.8453884
                        ],
                        [
                            109.1369744,
                            -6.8457835
                        ],
                        [
                            109.1370104,
                            -6.8460856
                        ],
                        [
                            109.1370847,
                            -6.8464049
                        ],
                        [
                            109.1371954,
                            -6.8465158
                        ],
                        [
                            109.1373997,
                            -6.8465901
                        ],
                        [
                            109.1377467,
                            -6.8467141
                        ],
                        [
                            109.1380548,
                            -6.8469366
                        ],
                        [
                            109.1386637,
                            -6.8471509
                        ],
                        [
                            109.1389883,
                            -6.8472282
                        ],
                        [
                            109.1393048,
                            -6.8472415
                        ],
                        [
                            109.1395435,
                            -6.8472415
                        ],
                        [
                            109.1398573,
                            -6.8472788
                        ],
                        [
                            109.1401228,
                            -6.8473227
                        ],
                        [
                            109.1404259,
                            -6.8473853
                        ],
                        [
                            109.140784,
                            -6.8474639
                        ],
                        [
                            109.1411649,
                            -6.8474945
                        ],
                        [
                            109.1413271,
                            -6.8475065
                        ],
                        [
                            109.1415015,
                            -6.8475224
                        ],
                        [
                            109.141881,
                            -6.8475983
                        ],
                        [
                            109.1422726,
                            -6.8476543
                        ],
                        [
                            109.1425905,
                            -6.8476969
                        ],
                        [
                            109.1431269,
                            -6.8477661
                        ],
                        [
                            109.1437116,
                            -6.8478127
                        ],
                        [
                            109.1437626,
                            -6.8477994
                        ],
                        [
                            109.1438282,
                            -6.8477615
                        ],
                        [
                            109.144008,
                            -6.8476463
                        ],
                        [
                            109.14423,
                            -6.8474619
                        ],
                        [
                            109.1443091,
                            -6.8475491
                        ],
                        [
                            109.1443487,
                            -6.847573
                        ],
                        [
                            109.1443929,
                            -6.8475857
                        ],
                        [
                            109.1444828,
                            -6.8475943
                        ],
                        [
                            109.1448542,
                            -6.847607
                        ],
                        [
                            109.1448824,
                            -6.8475997
                        ],
                        [
                            109.1449052,
                            -6.8475777
                        ],
                        [
                            109.1449273,
                            -6.8475411
                        ],
                        [
                            109.1449843,
                            -6.8473999
                        ],
                        [
                            109.1450246,
                            -6.8473733
                        ],
                        [
                            109.1450796,
                            -6.847368
                        ],
                        [
                            109.1456039,
                            -6.8475144
                        ],
                        [
                            109.1458265,
                            -6.8475664
                        ],
                        [
                            109.1460358,
                            -6.847589
                        ],
                        [
                            109.1463871,
                            -6.8475903
                        ],
                        [
                            109.146764,
                            -6.8476037
                        ],
                        [
                            109.14711,
                            -6.8476436
                        ],
                        [
                            109.1476062,
                            -6.8476969
                        ],
                        [
                            109.1477859,
                            -6.8476929
                        ],
                        [
                            109.1478784,
                            -6.8476769
                        ],
                        [
                            109.1482124,
                            -6.8475997
                        ],
                        [
                            109.1488843,
                            -6.8474452
                        ],
                        [
                            109.1490425,
                            -6.8474026
                        ],
                        [
                            109.1491793,
                            -6.8473973
                        ],
                        [
                            109.1493429,
                            -6.8473959
                        ],
                        [
                            109.1496031,
                            -6.8474346
                        ],
                        [
                            109.1500001,
                            -6.8474931
                        ],
                        [
                            109.1502093,
                            -6.8475011
                        ],
                        [
                            109.1506384,
                            -6.8474852
                        ],
                        [
                            109.1511253,
                            -6.8474652
                        ],
                        [
                            109.1514954,
                            -6.8474346
                        ],
                        [
                            109.1517355,
                            -6.8474279
                        ],
                        [
                            109.1520117,
                            -6.8474266
                        ],
                        [
                            109.1523041,
                            -6.8474346
                        ],
                        [
                            109.1526823,
                            -6.8474306
                        ],
                        [
                            109.1530363,
                            -6.8474452
                        ],
                        [
                            109.153157,
                            -6.8474352
                        ],
                        [
                            109.153202,
                            -6.8474186
                        ],
                        [
                            109.1532382,
                            -6.8473793
                        ],
                        [
                            109.1532516,
                            -6.8473234
                        ],
                        [
                            109.1532643,
                            -6.8472468
                        ],
                        [
                            109.1532871,
                            -6.8472002
                        ],
                        [
                            109.1533166,
                            -6.8471862
                        ],
                        [
                            109.1533716,
                            -6.8471796
                        ],
                        [
                            109.1536827,
                            -6.8471429
                        ],
                        [
                            109.1541749,
                            -6.8470577
                        ],
                        [
                            109.1543989,
                            -6.8469991
                        ],
                        [
                            109.1545142,
                            -6.8469459
                        ],
                        [
                            109.1546188,
                            -6.8469059
                        ],
                        [
                            109.1547234,
                            -6.8468806
                        ],
                        [
                            109.1550118,
                            -6.84685
                        ],
                        [
                            109.1552532,
                            -6.8468101
                        ],
                        [
                            109.155394,
                            -6.8467675
                        ],
                        [
                            109.1556984,
                            -6.8466569
                        ],
                        [
                            109.1557749,
                            -6.846617
                        ],
                        [
                            109.155807,
                            -6.8465824
                        ],
                        [
                            109.1558258,
                            -6.8465264
                        ],
                        [
                            109.1558459,
                            -6.8464452
                        ],
                        [
                            109.1558661,
                            -6.8464106
                        ],
                        [
                            109.1559103,
                            -6.8463853
                        ],
                        [
                            109.1562255,
                            -6.8463161
                        ],
                        [
                            109.1564494,
                            -6.8462415
                        ],
                        [
                            109.1566573,
                            -6.8461177
                        ],
                        [
                            109.156947,
                            -6.8459033
                        ],
                        [
                            109.1571777,
                            -6.8457142
                        ],
                        [
                            109.1572206,
                            -6.8456556
                        ],
                        [
                            109.1572528,
                            -6.8455611
                        ],
                        [
                            109.1572916,
                            -6.8453986
                        ],
                        [
                            109.157352,
                            -6.8453054
                        ],
                        [
                            109.1574405,
                            -6.8452042
                        ],
                        [
                            109.1575237,
                            -6.8451376
                        ],
                        [
                            109.1576578,
                            -6.8450524
                        ],
                        [
                            109.1577932,
                            -6.8449859
                        ],
                        [
                            109.1579837,
                            -6.844906
                        ],
                        [
                            109.1582103,
                            -6.8448247
                        ],
                        [
                            109.1583592,
                            -6.8447502
                        ],
                        [
                            109.1585027,
                            -6.8446556
                        ],
                        [
                            109.1586958,
                            -6.8445211
                        ],
                        [
                            109.1589747,
                            -6.8443587
                        ],
                        [
                            109.1591692,
                            -6.8442788
                        ],
                        [
                            109.1593811,
                            -6.8442335
                        ],
                        [
                            109.1596976,
                            -6.8442136
                        ],
                        [
                            109.1598853,
                            -6.8442002
                        ],
                        [
                            109.1601133,
                            -6.8441789
                        ],
                        [
                            109.1604151,
                            -6.844139
                        ],
                        [
                            109.1606498,
                            -6.8441137
                        ],
                        [
                            109.1608724,
                            -6.8441177
                        ],
                        [
                            109.1611425,
                            -6.8442105
                        ],
                        [
                            109.1619612,
                            -6.8444917
                        ],
                        [
                            109.1619612,
                            -6.8444917
                        ],
                        [
                            109.1619612,
                            -6.8444917
                        ],
                        [
                            109.1617043,
                            -6.8461678
                        ],
                        [
                            109.1615348,
                            -6.8468072
                        ],
                        [
                            109.1612095,
                            -6.8474355
                        ],
                        [
                            109.1605157,
                            -6.8484385
                        ],
                        [
                            109.1599222,
                            -6.8491571
                        ],
                        [
                            109.1579483,
                            -6.8511258
                        ],
                        [
                            109.1560106,
                            -6.8534101
                        ],
                        [
                            109.1551945,
                            -6.854593
                        ],
                        [
                            109.1534227,
                            -6.8574954
                        ],
                        [
                            109.1528652,
                            -6.8586242
                        ],
                        [
                            109.1528092,
                            -6.8587654
                        ],
                        [
                            109.152741,
                            -6.8591157
                        ],
                        [
                            109.1526655,
                            -6.8599777
                        ],
                        [
                            109.1527176,
                            -6.8614641
                        ],
                        [
                            109.1528427,
                            -6.862851
                        ],
                        [
                            109.1528185,
                            -6.8630719
                        ],
                        [
                            109.152716,
                            -6.8632551
                        ],
                        [
                            109.1525219,
                            -6.8635037
                        ],
                        [
                            109.1521406,
                            -6.8637253
                        ],
                        [
                            109.1511743,
                            -6.8641477
                        ],
                        [
                            109.1508139,
                            -6.8643322
                        ],
                        [
                            109.1505708,
                            -6.8645541
                        ],
                        [
                            109.1503498,
                            -6.8648615
                        ],
                        [
                            109.1501575,
                            -6.865257
                        ],
                        [
                            109.1498844,
                            -6.8661846
                        ],
                        [
                            109.1490877,
                            -6.8692681
                        ],
                        [
                            109.1490855,
                            -6.8692679
                        ],
                        [
                            109.149083,
                            -6.8692671
                        ],
                        [
                            109.1490785,
                            -6.869266
                        ],
                        [
                            109.1490733,
                            -6.8692657
                        ],
                        [
                            109.1490665,
                            -6.8692638
                        ],
                        [
                            109.1490778,
                            -6.8693035
                        ],
                        [
                            109.1490234,
                            -6.8695308
                        ],
                        [
                            109.1486564,
                            -6.8710641
                        ],
                        [
                            109.1486423,
                            -6.8711211
                        ],
                        [
                            109.1484445,
                            -6.8716995
                        ],
                        [
                            109.1484052,
                            -6.8718143
                        ],
                        [
                            109.1482284,
                            -6.8726641
                        ],
                        [
                            109.1482201,
                            -6.8727038
                        ],
                        [
                            109.1481239,
                            -6.8733272
                        ],
                        [
                            109.1479927,
                            -6.8739124
                        ],
                        [
                            109.1479577,
                            -6.8740861
                        ],
                        [
                            109.1478553,
                            -6.8745943
                        ],
                        [
                            109.1477058,
                            -6.8751976
                        ],
                        [
                            109.1476886,
                            -6.8752672
                        ],
                        [
                            109.1474925,
                            -6.8759605
                        ],
                        [
                            109.1472025,
                            -6.8766885
                        ],
                        [
                            109.1471775,
                            -6.8768035
                        ],
                        [
                            109.1470056,
                            -6.8775956
                        ],
                        [
                            109.146948,
                            -6.8777788
                        ],
                        [
                            109.1468335,
                            -6.8781426
                        ],
                        [
                            109.146668,
                            -6.8785109
                        ],
                        [
                            109.1466395,
                            -6.8786611
                        ],
                        [
                            109.1465603,
                            -6.8790787
                        ],
                        [
                            109.1465885,
                            -6.879357
                        ],
                        [
                            109.1466639,
                            -6.8795681
                        ],
                        [
                            109.1468712,
                            -6.8798942
                        ],
                        [
                            109.1469551,
                            -6.8800261
                        ],
                        [
                            109.1472691,
                            -6.8803596
                        ],
                        [
                            109.147305,
                            -6.8804149
                        ],
                        [
                            109.147742,
                            -6.881139
                        ],
                        [
                            109.1478235,
                            -6.8812741
                        ],
                        [
                            109.1478931,
                            -6.8814793
                        ],
                        [
                            109.1478739,
                            -6.8818893
                        ],
                        [
                            109.1478616,
                            -6.8820356
                        ],
                        [
                            109.1477195,
                            -6.8824563
                        ],
                        [
                            109.1477193,
                            -6.8824568
                        ],
                        [
                            109.1476778,
                            -6.8825884
                        ],
                        [
                            109.1474593,
                            -6.883021
                        ],
                        [
                            109.1475166,
                            -6.8835557
                        ],
                        [
                            109.1475271,
                            -6.8836538
                        ],
                        [
                            109.1475954,
                            -6.8841841
                        ],
                        [
                            109.1476164,
                            -6.8848226
                        ],
                        [
                            109.1476563,
                            -6.8851069
                        ],
                        [
                            109.1476435,
                            -6.8853879
                        ],
                        [
                            109.147594,
                            -6.8856131
                        ],
                        [
                            109.1475778,
                            -6.8856864
                        ],
                        [
                            109.1475832,
                            -6.8858211
                        ],
                        [
                            109.1474066,
                            -6.8860079
                        ],
                        [
                            109.1474002,
                            -6.8861543
                        ],
                        [
                            109.1474407,
                            -6.8862833
                        ],
                        [
                            109.1474363,
                            -6.8863128
                        ],
                        [
                            109.1473313,
                            -6.8862914
                        ],
                        [
                            109.1473008,
                            -6.8862919
                        ],
                        [
                            109.1472702,
                            -6.8862886
                        ],
                        [
                            109.146988,
                            -6.8862547
                        ],
                        [
                            109.1467286,
                            -6.8862523
                        ],
                        [
                            109.146431,
                            -6.8862557
                        ],
                        [
                            109.1461945,
                            -6.886259
                        ],
                        [
                            109.145073,
                            -6.8862266
                        ],
                        [
                            109.145073,
                            -6.8862266
                        ],
                        [
                            109.1415,
                            -6.886
                        ],
                        [
                            109.138,
                            -6.8855
                        ],
                        [
                            109.1345,
                            -6.8835
                        ],
                        [
                            109.1325,
                            -6.881
                        ],
                        [
                            109.1315,
                            -6.878
                        ],
                        [
                            109.1308,
                            -6.875
                        ],
                        [
                            109.1305,
                            -6.872
                        ],
                        [
                            109.1305,
                            -6.872
                        ],
                        [
                            109.131,
                            -6.8675
                        ],
                        [
                            109.1318,
                            -6.8645
                        ],
                        [
                            109.1332,
                            -6.861
                        ],
                        [
                            109.135,
                            -6.858
                        ],
                        [
                            109.1365,
                            -6.855
                        ],
                        [
                            109.1375,
                            -6.8525
                        ],
                        [
                            109.1367642,
                            -6.8482178
                        ],
                        [
                            109.1367642,
                            -6.8482178
                        ]
                    ]
                ]
            }
        },
        {
            "type": "Feature",
            "properties": {
                "kode_kec": "030",
                "kode_bps": "3376030",
                "nama_kec": "TEGAL BARAT",
                "ibu_kota": "Kraton",
                "luas_km2": 15.13,
                "jumlah_kelurahan": 7
            },
            "geometry": {
                "type": "Polygon",
                "coordinates": [
                    [
                        [
                            109.0807572,
                            -6.8675513
                        ],
                        [
                            109.0807648,
                            -6.8673858
                        ],
                        [
                            109.0807724,
                            -6.8671974
                        ],
                        [
                            109.0807724,
                            -6.8668965
                        ],
                        [
                            109.0807724,
                            -6.8665842
                        ],
                        [
                            109.0807724,
                            -6.8662952
                        ],
                        [
                            109.0807953,
                            -6.8659119
                        ],
                        [
                            109.0808029,
                            -6.8657054
                        ],
                        [
                            109.0808258,
                            -6.865458
                        ],
                        [
                            109.0808716,
                            -6.8651871
                        ],
                        [
                            109.0809632,
                            -6.8648748
                        ],
                        [
                            109.0810852,
                            -6.8645214
                        ],
                        [
                            109.0812607,
                            -6.8640856
                        ],
                        [
                            109.0813904,
                            -6.8636441
                        ],
                        [
                            109.0814438,
                            -6.8634199
                        ],
                        [
                            109.0814514,
                            -6.8632077
                        ],
                        [
                            109.0814438,
                            -6.8629603
                        ],
                        [
                            109.0814209,
                            -6.8626947
                        ],
                        [
                            109.0813599,
                            -6.8622345
                        ],
                        [
                            109.0813141,
                            -6.8618807
                        ],
                        [
                            109.0812964,
                            -6.8616336
                        ],
                        [
                            109.0812836,
                            -6.8614558
                        ],
                        [
                            109.0812531,
                            -6.8611607
                        ],
                        [
                            109.0812454,
                            -6.8608894
                        ],
                        [
                            109.0812531,
                            -6.8605537
                        ],
                        [
                            109.0812683,
                            -6.8603415
                        ],
                        [
                            109.0813294,
                            -6.8600821
                        ],
                        [
                            109.0814057,
                            -6.8598112
                        ],
                        [
                            109.0814896,
                            -6.8595638
                        ],
                        [
                            109.0815659,
                            -6.8593873
                        ],
                        [
                            109.0816422,
                            -6.8593344
                        ],
                        [
                            109.0819779,
                            -6.8587613
                        ],
                        [
                            109.0828649,
                            -6.8579418
                        ],
                        [
                            109.0835297,
                            -6.8574527
                        ],
                        [
                            109.0846387,
                            -6.8566925
                        ],
                        [
                            109.0869342,
                            -6.8541783
                        ],
                        [
                            109.089101,
                            -6.8525007
                        ],
                        [
                            109.0897461,
                            -6.8517749
                        ],
                        [
                            109.0971437,
                            -6.8445503
                        ],
                        [
                            109.099082,
                            -6.8427895
                        ],
                        [
                            109.0995767,
                            -6.8422226
                        ],
                        [
                            109.0997281,
                            -6.841948
                        ],
                        [
                            109.1002481,
                            -6.841355
                        ],
                        [
                            109.1004616,
                            -6.8412163
                        ],
                        [
                            109.1014399,
                            -6.8406574
                        ],
                        [
                            109.1022428,
                            -6.8399528
                        ],
                        [
                            109.1026169,
                            -6.8401707
                        ],
                        [
                            109.1033405,
                            -6.8395919
                        ],
                        [
                            109.1034578,
                            -6.8394888
                        ],
                        [
                            109.1034715,
                            -6.8394907
                        ],
                        [
                            109.1034846,
                            -6.8394993
                        ],
                        [
                            109.103486,
                            -6.8395133
                        ],
                        [
                            109.1034003,
                            -6.8396012
                        ],
                        [
                            109.1035074,
                            -6.8397623
                        ],
                        [
                            109.1038114,
                            -6.8400354
                        ],
                        [
                            109.103932,
                            -6.8401094
                        ],
                        [
                            109.1040559,
                            -6.8401643
                        ],
                        [
                            109.1041748,
                            -6.8402728
                        ],
                        [
                            109.104286,
                            -6.8403494
                        ],
                        [
                            109.1044003,
                            -6.8404069
                        ],
                        [
                            109.1047847,
                            -6.8407062
                        ],
                        [
                            109.1051736,
                            -6.8409832
                        ],
                        [
                            109.1054781,
                            -6.8412242
                        ],
                        [
                            109.1058509,
                            -6.8415331
                        ],
                        [
                            109.1060118,
                            -6.8416916
                        ],
                        [
                            109.1062009,
                            -6.8418847
                        ],
                        [
                            109.1063592,
                            -6.8420112
                        ],
                        [
                            109.1065262,
                            -6.8421224
                        ],
                        [
                            109.1065637,
                            -6.8421363
                        ],
                        [
                            109.1066039,
                            -6.8421343
                        ],
                        [
                            109.1066381,
                            -6.842109
                        ],
                        [
                            109.1068433,
                            -6.8417995
                        ],
                        [
                            109.1068701,
                            -6.8417648
                        ],
                        [
                            109.106909,
                            -6.8417462
                        ],
                        [
                            109.1069815,
                            -6.8417582
                        ],
                        [
                            109.1072041,
                            -6.8418487
                        ],
                        [
                            109.107361,
                            -6.8418927
                        ],
                        [
                            109.1074562,
                            -6.841914
                        ],
                        [
                            109.1076292,
                            -6.8419353
                        ],
                        [
                            109.10788,
                            -6.8419859
                        ],
                        [
                            109.1079233,
                            -6.8419828
                        ],
                        [
                            109.1080468,
                            -6.8417054
                        ],
                        [
                            109.1080725,
                            -6.841658
                        ],
                        [
                            109.1081968,
                            -6.8415008
                        ],
                        [
                            109.108291,
                            -6.8413701
                        ],
                        [
                            109.1088082,
                            -6.8406854
                        ],
                        [
                            109.1088305,
                            -6.840678
                        ],
                        [
                            109.1088527,
                            -6.8406867
                        ],
                        [
                            109.1088623,
                            -6.8407028
                        ],
                        [
                            109.1088572,
                            -6.8407188
                        ],
                        [
                            109.1086576,
                            -6.841013
                        ],
                        [
                            109.1083455,
                            -6.8414204
                        ],
                        [
                            109.1081215,
                            -6.8416815
                        ],
                        [
                            109.1080908,
                            -6.8417312
                        ],
                        [
                            109.1079684,
                            -6.8420008
                        ],
                        [
                            109.1084663,
                            -6.842185
                        ],
                        [
                            109.1086106,
                            -6.8419647
                        ],
                        [
                            109.1091862,
                            -6.8415385
                        ],
                        [
                            109.1096332,
                            -6.8412168
                        ],
                        [
                            109.1096502,
                            -6.8412158
                        ],
                        [
                            109.1096632,
                            -6.8412315
                        ],
                        [
                            109.1096609,
                            -6.8412455
                        ],
                        [
                            109.1092379,
                            -6.8415599
                        ],
                        [
                            109.1092486,
                            -6.8416124
                        ],
                        [
                            109.1093659,
                            -6.8417928
                        ],
                        [
                            109.1095255,
                            -6.8419712
                        ],
                        [
                            109.1096824,
                            -6.8421177
                        ],
                        [
                            109.109889,
                            -6.8422828
                        ],
                        [
                            109.1101599,
                            -6.8425038
                        ],
                        [
                            109.1103651,
                            -6.842637
                        ],
                        [
                            109.1105743,
                            -6.8427688
                        ],
                        [
                            109.1108197,
                            -6.8429113
                        ],
                        [
                            109.111037,
                            -6.8430218
                        ],
                        [
                            109.1112971,
                            -6.8431523
                        ],
                        [
                            109.1113964,
                            -6.8431836
                        ],
                        [
                            109.1114876,
                            -6.8432315
                        ],
                        [
                            109.1115881,
                            -6.8432988
                        ],
                        [
                            109.1117182,
                            -6.8433853
                        ],
                        [
                            109.1118202,
                            -6.8434353
                        ],
                        [
                            109.1119851,
                            -6.8435258
                        ],
                        [
                            109.1121997,
                            -6.8436257
                        ],
                        [
                            109.1123298,
                            -6.8436716
                        ],
                        [
                            109.112376,
                            -6.8436816
                        ],
                        [
                            109.1124364,
                            -6.8436876
                        ],
                        [
                            109.1124746,
                            -6.8436783
                        ],
                        [
                            109.1124974,
                            -6.843669
                        ],
                        [
                            109.1125309,
                            -6.8436736
                        ],
                        [
                            109.1125812,
                            -6.8436996
                        ],
                        [
                            109.1128461,
                            -6.8438647
                        ],
                        [
                            109.1132256,
                            -6.8440857
                        ],
                        [
                            109.113632,
                            -6.8443041
                        ],
                        [
                            109.1140357,
                            -6.8445171
                        ],
                        [
                            109.1143723,
                            -6.8446849
                        ],
                        [
                            109.1145761,
                            -6.8448034
                        ],
                        [
                            109.1148417,
                            -6.8449313
                        ],
                        [
                            109.1151233,
                            -6.8450657
                        ],
                        [
                            109.115421,
                            -6.8452175
                        ],
                        [
                            109.1157885,
                            -6.8453906
                        ],
                        [
                            109.1161948,
                            -6.8456197
                        ],
                        [
                            109.1164389,
                            -6.8457262
                        ],
                        [
                            109.116797,
                            -6.845882
                        ],
                        [
                            109.1171819,
                            -6.8460524
                        ],
                        [
                            109.1176258,
                            -6.8462402
                        ],
                        [
                            109.1179785,
                            -6.8464372
                        ],
                        [
                            109.1182896,
                            -6.846609
                        ],
                        [
                            109.1185015,
                            -6.8467169
                        ],
                        [
                            109.1186786,
                            -6.8467728
                        ],
                        [
                            109.1189133,
                            -6.846858
                        ],
                        [
                            109.1191949,
                            -6.8469698
                        ],
                        [
                            109.1194269,
                            -6.8470631
                        ],
                        [
                            109.1196026,
                            -6.8471283
                        ],
                        [
                            109.1197488,
                            -6.8471736
                        ],
                        [
                            109.1200103,
                            -6.8472561
                        ],
                        [
                            109.1202611,
                            -6.84732
                        ],
                        [
                            109.1205856,
                            -6.8474146
                        ],
                        [
                            109.1209021,
                            -6.8474985
                        ],
                        [
                            109.1211234,
                            -6.847569
                        ],
                        [
                            109.1215526,
                            -6.8476796
                        ],
                        [
                            109.1225168,
                            -6.8480138
                        ],
                        [
                            109.1234663,
                            -6.8482455
                        ],
                        [
                            109.1238956,
                            -6.8483388
                        ],
                        [
                            109.1244587,
                            -6.8484026
                        ],
                        [
                            109.1252151,
                            -6.8484399
                        ],
                        [
                            109.1260546,
                            -6.8483813
                        ],
                        [
                            109.1263018,
                            -6.8483099
                        ],
                        [
                            109.1263567,
                            -6.8482102
                        ],
                        [
                            109.1263792,
                            -6.8482095
                        ],
                        [
                            109.1264028,
                            -6.8482072
                        ],
                        [
                            109.1264028,
                            -6.8482566
                        ],
                        [
                            109.126427,
                            -6.8482542
                        ],
                        [
                            109.1270446,
                            -6.8481929
                        ],
                        [
                            109.12709,
                            -6.8481895
                        ],
                        [
                            109.1276747,
                            -6.8482028
                        ],
                        [
                            109.128065,
                            -6.8482255
                        ],
                        [
                            109.1281092,
                            -6.8482468
                        ],
                        [
                            109.1281374,
                            -6.8483014
                        ],
                        [
                            109.1281414,
                            -6.848344
                        ],
                        [
                            109.1280837,
                            -6.8489831
                        ],
                        [
                            109.1280556,
                            -6.8492241
                        ],
                        [
                            109.1293216,
                            -6.8494039
                        ],
                        [
                            109.1300149,
                            -6.8490759
                        ],
                        [
                            109.1300645,
                            -6.8490524
                        ],
                        [
                            109.1303703,
                            -6.8489698
                        ],
                        [
                            109.1306064,
                            -6.8489384
                        ],
                        [
                            109.1308907,
                            -6.8489006
                        ],
                        [
                            109.1312447,
                            -6.84885
                        ],
                        [
                            109.1314244,
                            -6.8488526
                        ],
                        [
                            109.1315304,
                            -6.8488767
                        ],
                        [
                            109.1317209,
                            -6.8489645
                        ],
                        [
                            109.1318992,
                            -6.8490604
                        ],
                        [
                            109.1322023,
                            -6.8491642
                        ],
                        [
                            109.1325697,
                            -6.8492308
                        ],
                        [
                            109.1329801,
                            -6.8492841
                        ],
                        [
                            109.1332564,
                            -6.8492947
                        ],
                        [
                            109.1336292,
                            -6.8492521
                        ],
                        [
                            109.1339537,
                            -6.8491589
                        ],
                        [
                            109.1344044,
                            -6.8490444
                        ],
                        [
                            109.1346377,
                            -6.8489938
                        ],
                        [
                            109.1349435,
                            -6.8489432
                        ],
                        [
                            109.135209,
                            -6.8488873
                        ],
                        [
                            109.1354142,
                            -6.8488207
                        ],
                        [
                            109.1358769,
                            -6.8486516
                        ],
                        [
                            109.1364053,
                            -6.8484052
                        ],
                        [
                            109.1367642,
                            -6.8482178
                        ],
                        [
                            109.1367642,
                            -6.8482178
                        ],
                        [
                            109.1375,
                            -6.8525
                        ],
                        [
                            109.1365,
                            -6.855
                        ],
                        [
                            109.135,
                            -6.858
                        ],
                        [
                            109.1332,
                            -6.861
                        ],
                        [
                            109.1318,
                            -6.8645
                        ],
                        [
                            109.131,
                            -6.8675
                        ],
                        [
                            109.1305,
                            -6.872
                        ],
                        [
                            109.1305,
                            -6.872
                        ],
                        [
                            109.127,
                            -6.873
                        ],
                        [
                            109.1235,
                            -6.8748
                        ],
                        [
                            109.12,
                            -6.876
                        ],
                        [
                            109.117,
                            -6.877
                        ],
                        [
                            109.117,
                            -6.877
                        ],
                        [
                            109.1155,
                            -6.873
                        ],
                        [
                            109.1135,
                            -6.8685
                        ],
                        [
                            109.1112,
                            -6.864
                        ],
                        [
                            109.1095,
                            -6.86
                        ],
                        [
                            109.1082,
                            -6.857
                        ],
                        [
                            109.102,
                            -6.856
                        ],
                        [
                            109.095,
                            -6.8555
                        ],
                        [
                            109.088,
                            -6.855
                        ],
                        [
                            109.0807572,
                            -6.8675513
                        ],
                        [
                            109.0807572,
                            -6.8675513
                        ]
                    ]
                ]
            }
        },
        {
            "type": "Feature",
            "properties": {
                "kode_kec": "010",
                "kode_bps": "3376010",
                "nama_kec": "TEGAL SELATAN",
                "ibu_kota": "Randugunting",
                "luas_km2": 4.52,
                "jumlah_kelurahan": 8
            },
            "geometry": {
                "type": "Polygon",
                "coordinates": [
                    [
                        [
                            109.145073,
                            -6.8862266
                        ],
                        [
                            109.1439715,
                            -6.8862256
                        ],
                        [
                            109.1438451,
                            -6.8862225
                        ],
                        [
                            109.1432038,
                            -6.8862514
                        ],
                        [
                            109.1430054,
                            -6.8862476
                        ],
                        [
                            109.1425095,
                            -6.886238
                        ],
                        [
                            109.1416092,
                            -6.8862323
                        ],
                        [
                            109.1413782,
                            -6.8862285
                        ],
                        [
                            109.1411209,
                            -6.8862242
                        ],
                        [
                            109.1410892,
                            -6.8862205
                        ],
                        [
                            109.1402304,
                            -6.8861194
                        ],
                        [
                            109.140213,
                            -6.8861174
                        ],
                        [
                            109.1390971,
                            -6.8859053
                        ],
                        [
                            109.1390839,
                            -6.8859028
                        ],
                        [
                            109.1390076,
                            -6.8858919
                        ],
                        [
                            109.1388242,
                            -6.8858667
                        ],
                        [
                            109.1382294,
                            -6.885785
                        ],
                        [
                            109.1377106,
                            -6.8857135
                        ],
                        [
                            109.1377103,
                            -6.8857136
                        ],
                        [
                            109.1374512,
                            -6.8858594
                        ],
                        [
                            109.1372681,
                            -6.8859896
                        ],
                        [
                            109.1370926,
                            -6.8861923
                        ],
                        [
                            109.1368256,
                            -6.8864822
                        ],
                        [
                            109.1367391,
                            -6.8865351
                        ],
                        [
                            109.1365662,
                            -6.886641
                        ],
                        [
                            109.1361847,
                            -6.8867268
                        ],
                        [
                            109.1359711,
                            -6.8867335
                        ],
                        [
                            109.13597,
                            -6.8867335
                        ],
                        [
                            109.1359253,
                            -6.8867344
                        ],
                        [
                            109.1357956,
                            -6.8867158
                        ],
                        [
                            109.1356202,
                            -6.8866519
                        ],
                        [
                            109.1353302,
                            -6.8864183
                        ],
                        [
                            109.1349793,
                            -6.8861699
                        ],
                        [
                            109.1346588,
                            -6.8859066
                        ],
                        [
                            109.1344452,
                            -6.8857169
                        ],
                        [
                            109.1341931,
                            -6.8856043
                        ],
                        [
                            109.134018,
                            -6.8855261
                        ],
                        [
                            109.1335308,
                            -6.8853367
                        ],
                        [
                            109.1335297,
                            -6.8853363
                        ],
                        [
                            109.1335248,
                            -6.8853384
                        ],
                        [
                            109.1334795,
                            -6.885358
                        ],
                        [
                            109.1332322,
                            -6.8854651
                        ],
                        [
                            109.1328049,
                            -6.8856458
                        ],
                        [
                            109.1326752,
                            -6.8860921
                        ],
                        [
                            109.1324463,
                            -6.886538
                        ],
                        [
                            109.1323166,
                            -6.8868341
                        ],
                        [
                            109.1322632,
                            -6.8872012
                        ],
                        [
                            109.1321558,
                            -6.8880996
                        ],
                        [
                            109.132079,
                            -6.8884392
                        ],
                        [
                            109.1321106,
                            -6.8884777
                        ],
                        [
                            109.1320598,
                            -6.8885065
                        ],
                        [
                            109.1320038,
                            -6.8887634
                        ],
                        [
                            109.1320343,
                            -6.8888864
                        ],
                        [
                            109.1323319,
                            -6.8893289
                        ],
                        [
                            109.1323467,
                            -6.8895452
                        ],
                        [
                            109.1323548,
                            -6.8896632
                        ],
                        [
                            109.1323403,
                            -6.8897055
                        ],
                        [
                            109.1323207,
                            -6.8897625
                        ],
                        [
                            109.1322363,
                            -6.8900081
                        ],
                        [
                            109.1322251,
                            -6.8900408
                        ],
                        [
                            109.1319886,
                            -6.8905343
                        ],
                        [
                            109.1318894,
                            -6.8908829
                        ],
                        [
                            109.1319084,
                            -6.8909809
                        ],
                        [
                            109.1319428,
                            -6.8911299
                        ],
                        [
                            109.1320877,
                            -6.8913049
                        ],
                        [
                            109.1324845,
                            -6.8915972
                        ],
                        [
                            109.1324939,
                            -6.8916058
                        ],
                        [
                            109.1325041,
                            -6.8916152
                        ],
                        [
                            109.1325558,
                            -6.8916624
                        ],
                        [
                            109.1326447,
                            -6.8917436
                        ],
                        [
                            109.1327133,
                            -6.8919472
                        ],
                        [
                            109.1326981,
                            -6.8922381
                        ],
                        [
                            109.1325379,
                            -6.8926153
                        ],
                        [
                            109.1323014,
                            -6.8932685
                        ],
                        [
                            109.1321259,
                            -6.8937916
                        ],
                        [
                            109.132016,
                            -6.8943689
                        ],
                        [
                            109.1320038,
                            -6.8944453
                        ],
                        [
                            109.1319733,
                            -6.8947505
                        ],
                        [
                            109.1318894,
                            -6.89507
                        ],
                        [
                            109.1317215,
                            -6.8952145
                        ],
                        [
                            109.1313782,
                            -6.895286
                        ],
                        [
                            109.1312027,
                            -6.8954887
                        ],
                        [
                            109.1310349,
                            -6.8958806
                        ],
                        [
                            109.130806,
                            -6.8962139
                        ],
                        [
                            109.1304811,
                            -6.896213
                        ],
                        [
                            109.1304703,
                            -6.896213
                        ],
                        [
                            109.1304107,
                            -6.8961938
                        ],
                        [
                            109.1301499,
                            -6.89611
                        ],
                        [
                            109.1299286,
                            -6.8959197
                        ],
                        [
                            109.1298393,
                            -6.895822
                        ],
                        [
                            109.1297303,
                            -6.8956866
                        ],
                        [
                            109.1295548,
                            -6.8954534
                        ],
                        [
                            109.1294556,
                            -6.8952493
                        ],
                        [
                            109.1293315,
                            -6.8952285
                        ],
                        [
                            109.1293198,
                            -6.8952256
                        ],
                        [
                            109.1291886,
                            -6.8952045
                        ],
                        [
                            109.1288834,
                            -6.8953342
                        ],
                        [
                            109.1287144,
                            -6.8955738
                        ],
                        [
                            109.1286785,
                            -6.8956589
                        ],
                        [
                            109.1287523,
                            -6.8948737
                        ],
                        [
                            109.1283778,
                            -6.8948325
                        ],
                        [
                            109.1283427,
                            -6.894843
                        ],
                        [
                            109.1281952,
                            -6.8948914
                        ],
                        [
                            109.1281783,
                            -6.8949603
                        ],
                        [
                            109.1280335,
                            -6.8955502
                        ],
                        [
                            109.1278972,
                            -6.8956325
                        ],
                        [
                            109.1276812,
                            -6.8957542
                        ],
                        [
                            109.1276642,
                            -6.8958569
                        ],
                        [
                            109.127644,
                            -6.8959496
                        ],
                        [
                            109.1275936,
                            -6.8960985
                        ],
                        [
                            109.1274722,
                            -6.8960485
                        ],
                        [
                            109.1274119,
                            -6.8961275
                        ],
                        [
                            109.1273689,
                            -6.8962101
                        ],
                        [
                            109.1273954,
                            -6.8962908
                        ],
                        [
                            109.1273277,
                            -6.8964172
                        ],
                        [
                            109.127067,
                            -6.8962895
                        ],
                        [
                            109.1268869,
                            -6.8962249
                        ],
                        [
                            109.1269209,
                            -6.8960196
                        ],
                        [
                            109.1266496,
                            -6.895976
                        ],
                        [
                            109.1265402,
                            -6.8959755
                        ],
                        [
                            109.1264098,
                            -6.8959232
                        ],
                        [
                            109.1262293,
                            -6.8959052
                        ],
                        [
                            109.1261172,
                            -6.8963412
                        ],
                        [
                            109.1259084,
                            -6.8963304
                        ],
                        [
                            109.1258498,
                            -6.8962003
                        ],
                        [
                            109.1257676,
                            -6.8965953
                        ],
                        [
                            109.1253487,
                            -6.8966903
                        ],
                        [
                            109.1251518,
                            -6.8967569
                        ],
                        [
                            109.1250378,
                            -6.8967955
                        ],
                        [
                            109.124695,
                            -6.8970391
                        ],
                        [
                            109.124701,
                            -6.8972887
                        ],
                        [
                            109.1250605,
                            -6.8977796
                        ],
                        [
                            109.1251301,
                            -6.8981434
                        ],
                        [
                            109.1250928,
                            -6.8981804
                        ],
                        [
                            109.1246937,
                            -6.8985761
                        ],
                        [
                            109.1243199,
                            -6.898876
                        ],
                        [
                            109.1241716,
                            -6.8989312
                        ],
                        [
                            109.1237069,
                            -6.8991041
                        ],
                        [
                            109.1230759,
                            -6.8993942
                        ],
                        [
                            109.1223483,
                            -6.8994357
                        ],
                        [
                            109.1220013,
                            -6.8996914
                        ],
                        [
                            109.1216018,
                            -6.8997785
                        ],
                        [
                            109.121447,
                            -6.8998002
                        ],
                        [
                            109.1212779,
                            -6.8998081
                        ],
                        [
                            109.1212272,
                            -6.9000036
                        ],
                        [
                            109.1211546,
                            -6.9000169
                        ],
                        [
                            109.1210277,
                            -6.8999983
                        ],
                        [
                            109.1208738,
                            -6.8999433
                        ],
                        [
                            109.1207333,
                            -6.8999382
                        ],
                        [
                            109.1206706,
                            -6.8997431
                        ],
                        [
                            109.1205493,
                            -6.8994618
                        ],
                        [
                            109.1203516,
                            -6.8990125
                        ],
                        [
                            109.1205351,
                            -6.8984696
                        ],
                        [
                            109.1206841,
                            -6.8980465
                        ],
                        [
                            109.1205589,
                            -6.8976111
                        ],
                        [
                            109.1203263,
                            -6.8973814
                        ],
                        [
                            109.1202073,
                            -6.8973525
                        ],
                        [
                            109.120034,
                            -6.8973112
                        ],
                        [
                            109.1200002,
                            -6.8973031
                        ],
                        [
                            109.1198948,
                            -6.8975927
                        ],
                        [
                            109.1198034,
                            -6.8988166
                        ],
                        [
                            109.1192486,
                            -6.898802
                        ],
                        [
                            109.118837,
                            -6.8979456
                        ],
                        [
                            109.1186453,
                            -6.8975123
                        ],
                        [
                            109.1185653,
                            -6.8973314
                        ],
                        [
                            109.1183795,
                            -6.8973035
                        ],
                        [
                            109.1178608,
                            -6.8979893
                        ],
                        [
                            109.11772,
                            -6.8980371
                        ],
                        [
                            109.1177216,
                            -6.8980293
                        ],
                        [
                            109.1177445,
                            -6.8979239
                        ],
                        [
                            109.1178208,
                            -6.8976025
                        ],
                        [
                            109.1178208,
                            -6.8976025
                        ],
                        [
                            109.1178,
                            -6.892
                        ],
                        [
                            109.1175,
                            -6.887
                        ],
                        [
                            109.1172,
                            -6.882
                        ],
                        [
                            109.117,
                            -6.877
                        ],
                        [
                            109.117,
                            -6.877
                        ],
                        [
                            109.12,
                            -6.876
                        ],
                        [
                            109.1235,
                            -6.8748
                        ],
                        [
                            109.127,
                            -6.873
                        ],
                        [
                            109.1305,
                            -6.872
                        ],
                        [
                            109.1305,
                            -6.872
                        ],
                        [
                            109.1308,
                            -6.875
                        ],
                        [
                            109.1315,
                            -6.878
                        ],
                        [
                            109.1325,
                            -6.881
                        ],
                        [
                            109.1345,
                            -6.8835
                        ],
                        [
                            109.138,
                            -6.8855
                        ],
                        [
                            109.1415,
                            -6.886
                        ],
                        [
                            109.145073,
                            -6.8862266
                        ],
                        [
                            109.145073,
                            -6.8862266
                        ]
                    ]
                ]
            }
        },
        {
            "type": "Feature",
            "properties": {
                "kode_kec": "040",
                "kode_bps": "3376040",
                "nama_kec": "MARGADANA",
                "ibu_kota": "Sumurpanggang",
                "luas_km2": 13.76,
                "jumlah_kelurahan": 7
            },
            "geometry": {
                "type": "Polygon",
                "coordinates": [
                    [
                        [
                            109.1178208,
                            -6.8976025
                        ],
                        [
                            109.1176529,
                            -6.8975586
                        ],
                        [
                            109.1175156,
                            -6.8975033
                        ],
                        [
                            109.1172104,
                            -6.8974509
                        ],
                        [
                            109.1166001,
                            -6.8973531
                        ],
                        [
                            109.1165467,
                            -6.897355
                        ],
                        [
                            109.1164933,
                            -6.8976182
                        ],
                        [
                            109.1164704,
                            -6.8977875
                        ],
                        [
                            109.1160889,
                            -6.8977637
                        ],
                        [
                            109.1157227,
                            -6.8977188
                        ],
                        [
                            109.1156388,
                            -6.8976993
                        ],
                        [
                            109.1152039,
                            -6.8975939
                        ],
                        [
                            109.1149826,
                            -6.8975066
                        ],
                        [
                            109.1148319,
                            -6.8974616
                        ],
                        [
                            109.1146088,
                            -6.8973951
                        ],
                        [
                            109.1141205,
                            -6.8972763
                        ],
                        [
                            109.1140747,
                            -6.8972568
                        ],
                        [
                            109.1140366,
                            -6.8974466
                        ],
                        [
                            109.1139374,
                            -6.8978991
                        ],
                        [
                            109.113908,
                            -6.8980896
                        ],
                        [
                            109.1137034,
                            -6.8980767
                        ],
                        [
                            109.113701,
                            -6.8980763
                        ],
                        [
                            109.1136524,
                            -6.8982939
                        ],
                        [
                            109.1131251,
                            -6.8982321
                        ],
                        [
                            109.112757,
                            -6.8981889
                        ],
                        [
                            109.1123306,
                            -6.8981317
                        ],
                        [
                            109.1116486,
                            -6.8980402
                        ],
                        [
                            109.1109683,
                            -6.8979489
                        ],
                        [
                            109.1109848,
                            -6.8978671
                        ],
                        [
                            109.1110604,
                            -6.8975301
                        ],
                        [
                            109.1110611,
                            -6.8975267
                        ],
                        [
                            109.1109467,
                            -6.8972458
                        ],
                        [
                            109.1107254,
                            -6.8967575
                        ],
                        [
                            109.1105042,
                            -6.896512
                        ],
                        [
                            109.1102219,
                            -6.8961887
                        ],
                        [
                            109.1099701,
                            -6.8959536
                        ],
                        [
                            109.1095429,
                            -6.8955001
                        ],
                        [
                            109.109169,
                            -6.8951797
                        ],
                        [
                            109.1089478,
                            -6.8950009
                        ],
                        [
                            109.1084809,
                            -6.894855
                        ],
                        [
                            109.1084903,
                            -6.8947255
                        ],
                        [
                            109.108036,
                            -6.894716
                        ],
                        [
                            109.1079789,
                            -6.8946981
                        ],
                        [
                            109.1077271,
                            -6.8947057
                        ],
                        [
                            109.1076992,
                            -6.8947089
                        ],
                        [
                            109.1076164,
                            -6.8947072
                        ],
                        [
                            109.1075854,
                            -6.894722
                        ],
                        [
                            109.1073914,
                            -6.8947443
                        ],
                        [
                            109.1072699,
                            -6.8947604
                        ],
                        [
                            109.1068679,
                            -6.8946834
                        ],
                        [
                            109.1061906,
                            -6.8946272
                        ],
                        [
                            109.1063917,
                            -6.8933807
                        ],
                        [
                            109.106537,
                            -6.8927042
                        ],
                        [
                            109.1047603,
                            -6.892478
                        ],
                        [
                            109.1041817,
                            -6.8925214
                        ],
                        [
                            109.1039791,
                            -6.8925157
                        ],
                        [
                            109.1033293,
                            -6.8923956
                        ],
                        [
                            109.1025295,
                            -6.8921899
                        ],
                        [
                            109.1024439,
                            -6.8907102
                        ],
                        [
                            109.1024321,
                            -6.8904533
                        ],
                        [
                            109.1024684,
                            -6.8899494
                        ],
                        [
                            109.1024749,
                            -6.8898905
                        ],
                        [
                            109.1024645,
                            -6.8898889
                        ],
                        [
                            109.101697,
                            -6.8897708
                        ],
                        [
                            109.1005555,
                            -6.8897649
                        ],
                        [
                            109.0991676,
                            -6.8897578
                        ],
                        [
                            109.0990851,
                            -6.8891467
                        ],
                        [
                            109.097816,
                            -6.8890838
                        ],
                        [
                            109.0965734,
                            -6.8890222
                        ],
                        [
                            109.0965072,
                            -6.8885894
                        ],
                        [
                            109.0938202,
                            -6.8884818
                        ],
                        [
                            109.0917007,
                            -6.8884078
                        ],
                        [
                            109.0916931,
                            -6.8884075
                        ],
                        [
                            109.0916289,
                            -6.888401
                        ],
                        [
                            109.0916126,
                            -6.8883952
                        ],
                        [
                            109.0915461,
                            -6.8883913
                        ],
                        [
                            109.0914623,
                            -6.8883885
                        ],
                        [
                            109.0914372,
                            -6.8883861
                        ],
                        [
                            109.0912582,
                            -6.8883793
                        ],
                        [
                            109.0909976,
                            -6.8883534
                        ],
                        [
                            109.0909706,
                            -6.8883507
                        ],
                        [
                            109.0908225,
                            -6.8883343
                        ],
                        [
                            109.090635,
                            -6.8883135
                        ],
                        [
                            109.0905908,
                            -6.8883149
                        ],
                        [
                            109.0905307,
                            -6.8883126
                        ],
                        [
                            109.0904552,
                            -6.8883162
                        ],
                        [
                            109.0902166,
                            -6.888273
                        ],
                        [
                            109.0900872,
                            -6.8882497
                        ],
                        [
                            109.0899649,
                            -6.888197
                        ],
                        [
                            109.0899632,
                            -6.8882037
                        ],
                        [
                            109.0899594,
                            -6.8882003
                        ],
                        [
                            109.0883814,
                            -6.8881273
                        ],
                        [
                            109.0869227,
                            -6.8879866
                        ],
                        [
                            109.0869142,
                            -6.8879858
                        ],
                        [
                            109.0868744,
                            -6.887982
                        ],
                        [
                            109.0861723,
                            -6.8879233
                        ],
                        [
                            109.085974,
                            -6.8879135
                        ],
                        [
                            109.0859079,
                            -6.8879102
                        ],
                        [
                            109.0858547,
                            -6.8879076
                        ],
                        [
                            109.0857823,
                            -6.887904
                        ],
                        [
                            109.0844558,
                            -6.8878969
                        ],
                        [
                            109.0844436,
                            -6.8878973
                        ],
                        [
                            109.0842362,
                            -6.887761
                        ],
                        [
                            109.0839997,
                            -6.8877401
                        ],
                        [
                            109.0838166,
                            -6.8877215
                        ],
                        [
                            109.0838032,
                            -6.8877303
                        ],
                        [
                            109.083795,
                            -6.8876474
                        ],
                        [
                            109.0837075,
                            -6.8876024
                        ],
                        [
                            109.0837068,
                            -6.8876063
                        ],
                        [
                            109.0836684,
                            -6.887819
                        ],
                        [
                            109.0835724,
                            -6.8878822
                        ],
                        [
                            109.0834885,
                            -6.8880648
                        ],
                        [
                            109.083107,
                            -6.8882837
                        ],
                        [
                            109.0829101,
                            -6.888417
                        ],
                        [
                            109.0824361,
                            -6.8884291
                        ],
                        [
                            109.0824254,
                            -6.8887219
                        ],
                        [
                            109.0822754,
                            -6.8888101
                        ],
                        [
                            109.0820084,
                            -6.8889679
                        ],
                        [
                            109.0815812,
                            -6.8891276
                        ],
                        [
                            109.0812993,
                            -6.889297
                        ],
                        [
                            109.0808937,
                            -6.8892626
                        ],
                        [
                            109.0798586,
                            -6.8891379
                        ],
                        [
                            109.0796738,
                            -6.8890762
                        ],
                        [
                            109.0793686,
                            -6.888977
                        ],
                        [
                            109.0791169,
                            -6.8887991
                        ],
                        [
                            109.0788346,
                            -6.8885493
                        ],
                        [
                            109.0785065,
                            -6.8882779
                        ],
                        [
                            109.078064,
                            -6.8881029
                        ],
                        [
                            109.0773926,
                            -6.8878483
                        ],
                        [
                            109.0774918,
                            -6.8876705
                        ],
                        [
                            109.0775681,
                            -6.8873925
                        ],
                        [
                            109.0775757,
                            -6.8871164
                        ],
                        [
                            109.0773756,
                            -6.8865145
                        ],
                        [
                            109.0773738,
                            -6.8865092
                        ],
                        [
                            109.0773697,
                            -6.8864969
                        ],
                        [
                            109.0773599,
                            -6.8864848
                        ],
                        [
                            109.0772553,
                            -6.8863558
                        ],
                        [
                            109.077179,
                            -6.8862509
                        ],
                        [
                            109.077034,
                            -6.8859376
                        ],
                        [
                            109.0770248,
                            -6.8858976
                        ],
                        [
                            109.0769501,
                            -6.8855752
                        ],
                        [
                            109.0768891,
                            -6.8850965
                        ],
                        [
                            109.0766602,
                            -6.8841962
                        ],
                        [
                            109.0765991,
                            -6.8840303
                        ],
                        [
                            109.0765762,
                            -6.8839034
                        ],
                        [
                            109.0764161,
                            -6.8835963
                        ],
                        [
                            109.0764142,
                            -6.8835934
                        ],
                        [
                            109.0762996,
                            -6.8834128
                        ],
                        [
                            109.0760624,
                            -6.8830389
                        ],
                        [
                            109.0757981,
                            -6.8826222
                        ],
                        [
                            109.0753441,
                            -6.8818178
                        ],
                        [
                            109.0750809,
                            -6.8813514
                        ],
                        [
                            109.0750674,
                            -6.8812786
                        ],
                        [
                            109.074997,
                            -6.8809003
                        ],
                        [
                            109.0750275,
                            -6.880196
                        ],
                        [
                            109.0752103,
                            -6.8791374
                        ],
                        [
                            109.0753021,
                            -6.8786053
                        ],
                        [
                            109.0753856,
                            -6.8779843
                        ],
                        [
                            109.0754766,
                            -6.8773069
                        ],
                        [
                            109.0755234,
                            -6.8769583
                        ],
                        [
                            109.0756255,
                            -6.8760496
                        ],
                        [
                            109.0756531,
                            -6.8758039
                        ],
                        [
                            109.0757188,
                            -6.8756004
                        ],
                        [
                            109.0759125,
                            -6.8750004
                        ],
                        [
                            109.0759735,
                            -6.8748087
                        ],
                        [
                            109.0760498,
                            -6.8745851
                        ],
                        [
                            109.0761719,
                            -6.8743142
                        ],
                        [
                            109.0762833,
                            -6.8741959
                        ],
                        [
                            109.0763966,
                            -6.8740428
                        ],
                        [
                            109.0765839,
                            -6.8738851
                        ],
                        [
                            109.0768967,
                            -6.8737215
                        ],
                        [
                            109.0773697,
                            -6.8734993
                        ],
                        [
                            109.0777207,
                            -6.8733768
                        ],
                        [
                            109.0782013,
                            -6.8731961
                        ],
                        [
                            109.0787659,
                            -6.8730215
                        ],
                        [
                            109.0793228,
                            -6.872817
                        ],
                        [
                            109.0798035,
                            -6.8726129
                        ],
                        [
                            109.0802307,
                            -6.8723788
                        ],
                        [
                            109.0806122,
                            -6.8721737
                        ],
                        [
                            109.0808487,
                            -6.8720154
                        ],
                        [
                            109.0810471,
                            -6.8718628
                        ],
                        [
                            109.0812149,
                            -6.8716573
                        ],
                        [
                            109.081276,
                            -6.871457
                        ],
                        [
                            109.0813065,
                            -6.8711561
                        ],
                        [
                            109.0813141,
                            -6.8709382
                        ],
                        [
                            109.0812836,
                            -6.8705901
                        ],
                        [
                            109.0812454,
                            -6.8702125
                        ],
                        [
                            109.0812453,
                            -6.8702114
                        ],
                        [
                            109.0812343,
                            -6.8701447
                        ],
                        [
                            109.0811997,
                            -6.8699354
                        ],
                        [
                            109.0811463,
                            -6.8696875
                        ],
                        [
                            109.0810776,
                            -6.8694219
                        ],
                        [
                            109.0810318,
                            -6.8692269
                        ],
                        [
                            109.0809632,
                            -6.8689789
                        ],
                        [
                            109.0809021,
                            -6.8687486
                        ],
                        [
                            109.0808564,
                            -6.8684773
                        ],
                        [
                            109.0807801,
                            -6.868123
                        ],
                        [
                            109.0807648,
                            -6.8679227
                        ],
                        [
                            109.0807572,
                            -6.8677868
                        ],
                        [
                            109.0807495,
                            -6.8676924
                        ],
                        [
                            109.0807572,
                            -6.8675513
                        ],
                        [
                            109.0807572,
                            -6.8675513
                        ],
                        [
                            109.088,
                            -6.855
                        ],
                        [
                            109.095,
                            -6.8555
                        ],
                        [
                            109.102,
                            -6.856
                        ],
                        [
                            109.1082,
                            -6.857
                        ],
                        [
                            109.1095,
                            -6.86
                        ],
                        [
                            109.1112,
                            -6.864
                        ],
                        [
                            109.1135,
                            -6.8685
                        ],
                        [
                            109.1155,
                            -6.873
                        ],
                        [
                            109.117,
                            -6.877
                        ],
                        [
                            109.117,
                            -6.877
                        ],
                        [
                            109.1172,
                            -6.882
                        ],
                        [
                            109.1175,
                            -6.887
                        ],
                        [
                            109.1178,
                            -6.892
                        ],
                        [
                            109.1178208,
                            -6.8976025
                        ],
                        [
                            109.1178208,
                            -6.8976025
                        ]
                    ]
                ]
            }
        }
    ]
}